{"cameraMode":{"drawMode":0,"name":"Shaded","section":"Shading Mode"},"sceneLighting":false,"audioPlay":false,"sceneViewState":{"m_AlwaysRefresh":false,"showFog":true,"showSkybox":true,"showFlares":true,"showImageEffects":true,"showParticleSystems":true,"showVisualEffectGraphs":true,"m_FxEnabled":true},"in2DMode":false,"pivot":{"x":118.726806640625,"y":-70.94329833984375,"z":221.83309936523438},"rotation":{"x":-0.22881296277046204,"y":-0.12459549307823181,"z":0.029542692005634309,"w":-0.9650112390518189},"size":319.50408935546877,"orthographic":false}